target,name,architecture,stack,sidelined,coding_passed,coding_total,ceval_passed,ceval_total,python_passed,python_total,bash_passed,bash_total,chard_passed,chard_total,pyhard_passed,pyhard_total,shhard_passed,shhard_total,research_passed,research_total,brutal-c_passed,brutal-c_total,brutal-python_passed,brutal-python_total,brutal-bash_passed,brutal-bash_total,decode_tok_s,decode_tok_s_std,peak_ram_gb,quality_passed,quality_total,ppl_wikitext,ppl_tulu
qwen38flash,qwen3.8-flash-next 125B,MoE,llama.cpp fork,no,111,126,45,48,24,24,18,24,6,9,9,9,6,9,3,3,,,,,,,,,,,,,
coder-next,qwen3-coder-next 80B,MoE,MLX,no,108,126,45,48,21,24,21,24,6,9,6,9,6,9,3,3,,,,,,,,,,,,,
laguna-s,laguna-s 2.1 117B,MoE,MLX,no,108,126,48,48,24,24,18,24,6,9,9,9,3,9,0,3,,,,,,,,,,,,,
nemotron3,nemotron-3-super 120B,MoE,MLX,no,105,126,48,48,24,24,15,24,6,9,9,9,3,9,0,3,,,,,,,,,,,,,
qwen27,qwen3.8-27b,dense,MLX,no,102,126,42,48,24,24,15,24,6,9,9,9,3,9,3,3,,,,,,,,,,,,,
qwen36-35b,qwen3.6-35b,MoE,MLX,no,102,126,42,48,21,24,18,24,9,9,6,9,3,9,3,3,,,,,,,,,,,,,
laguna,laguna-xs.2,MoE,llama.cpp fork,no,101,126,38,48,24,24,18,24,5,9,9,9,5,9,2,3,,,,,,,,,,,,,
qwen36-27b,qwen3.6-27b,dense,MLX,no,99,126,33,48,24,24,21,24,6,9,9,9,3,9,3,3,,,,,,,,,,,,,
devstral,devstral-2 24b,dense,MLX,no,98,126,35,48,24,24,18,24,6,9,6,9,6,9,3,3,,,,,,,,,,,,,
qwen35,qwen3.5-35b,MoE,MLX,no,96,126,39,48,21,24,18,24,3,9,9,9,3,9,3,3,,,,,,,,,,,,,
glm-flash,glm-4.7-flash,MoE,MLX,no,96,126,45,48,24,24,18,24,1,9,3,9,3,9,2,3,,,,,,,,,,,,,
qwen35-27b,qwen3.5-27b,dense,MLX,no,96,126,36,48,24,24,15,24,3,9,9,9,6,9,3,3,,,,,,,,,,,,,
qwen35-122b,qwen3.5-122b-a10b,MoE,MLX,no,93,126,33,48,24,24,15,24,6,9,9,9,3,9,3,3,,,,,,,,,,,,,
coder,qwen3-coder-30b,MoE,MLX,no,90,126,39,48,24,24,12,24,6,9,6,9,0,9,3,3,,,,,,,,,,,,,
k2horizon,k2-horizon 36B-A4B,MoE,llama.cpp fork,no,88,126,36,48,23,24,12,24,6,9,4,9,4,9,3,3,,,,,,,,,,,,,
